<?xml version="1.0" encoding="UTF-8" standalone="yes"?>
	<addon id="repository.slashing" name="Brazzers-addon" version="1.0" provider-name="slashing">
		<extension point="xbmc.addon.repository" name="XBMC Adult Addons">
			<info compressed="false">http://github.com/slashing/kodi-brazzers/raw/master/addons.xml</info>
			<checksum>https://github.com/slashing/kodi-brazzers/raw/master/addons.xml.md5</checksum>
			<datadir zip="true">http://github.com/slashing/kodi-brazzers/raw/master</datadir>
		</extension>
		<extension point="xbmc.addon.metadata">
			<summary>XBMC Addons for Brazzers</summary>
			<description>Scene information</description>
			<platform>all</platform>
	</extension>
</addon>
