<?xml version="1.0" encoding="UTF-8" standalone="yes"?>
<scraper language="en" thumb="icon.png" date="2014-09-16" content="movies" framework="1.1" name="brazzers">
    <NfoUrl dest="3">
        <RegExp dest="3" output="&lt;url&gt;http://www.brazzers.com/scenes/view/id/\1/&lt;/url&gt;" input="$$1">
            <expression noclean="1">brazzers.com/scenes/view/id/([0-9]*)/([^/]*)/</expression>
        </RegExp>
    </NfoUrl>
    <CreateSearchUrl dest="3">
        <RegExp dest="3" output="&lt;url&gt;http://www.brazzers.com/search/all/?q=\1&lt;/url&gt;" input="$$1">
            <expression noclean="1"></expression>
        </RegExp>
    </CreateSearchUrl>
    <GetSearchResults dest="6">
        <RegExp dest="6" output="&lt;?xml version=&quot;1.0&quot; encoding=&quot;UTF-8&quot; standalone=&quot;yes&quot;?&gt;&lt;results&gt;\1&lt;/results&gt;" input="$$4">
            <RegExp dest="4+" output="&lt;entity&gt;&lt;title&gt;\3&lt;/title&gt;&lt;url&gt;http://www.brazzers.com/scenes/view/id/\1&lt;/url&gt;&lt;/entity&gt;" input="$$1">
                <expression clear="yes" repeat="yes">&lt;div class=&quot;scene-card-title&quot;&gt;\s*&lt;a href=&quot;/scenes/view/id/([0-9]*)/([^/]*)/&quot;\s*title=&quot;([^&quot;]*)</expression>
            </RegExp>
            <expression noclean="1"></expression>
        </RegExp>
    </GetSearchResults>
    <GetDetails dest="7">
        <RegExp dest="7" output="&lt;?xml version=&quot;1.0&quot; encoding=&quot;utf-8&quot; standalone=&quot;yes&quot;?&gt;&lt;details&gt;\1&lt;/details&gt;" input="$$5">
            <RegExp dest="5+" output="&lt;title&gt;\1&lt;/title&gt;" input="$$1">
                <expression trim="1">&lt;h1 itemprop=&quot;name&quot;&gt;([^&lt;]*)</expression>
            </RegExp>
            <RegExp dest="5+" output="&lt;plot&gt;\1&lt;/plot&gt;" input="$$1">
                <expression trim="1">&lt;p itemprop=&quot;description&quot;&gt;([^&lt;]*)</expression>
            </RegExp>
            <RegExp dest="5+" output="&lt;outline&gt;\1.&lt;/outline&gt;" input="$$1">
                <expression trim="1">&lt;p itemprop=&quot;description&quot;&gt;([^.]*)</expression>
            </RegExp>
            <RegExp dest="5+" output="&lt;year&gt;\1&lt;/year&gt;" input="$$1">
                <expression noclean="1">[^,]*, ([0-9]*)&lt;/aside&gt;</expression>
            </RegExp>
            <RegExp dest="5+" output="&lt;actor&gt;&lt;name&gt;\2&lt;/name&gt;&lt;thumb&gt;\1&lt;/thumb&gt;&lt;/actor&gt;" input="$$9">
                <RegExp dest="9" output="\1" input="$$1">
                    <expression noclean="1">&lt;div class=&quot;scene-tour-right&quot;&gt;(.*)&lt;/div&gt;</expression>
                </RegExp>
                <expression repeat="yes">&lt;img src=&quot;([^&quot;]*)&quot; alt=&quot;([^&quot;]*)</expression>
            </RegExp>
            <RegExp dest="5+" output="&lt;genre&gt;\1&lt;/genre&gt;" input="$$8">
                <RegExp dest="8" output="\1" input="$$1">
                    <expression noclean="1">&lt;div class=&quot;tag-card-container&quot;&gt;(.*?)&lt;/div&gt;</expression>
                </RegExp>
                <expression repeat="yes">&lt;a href=[^&gt;]*&gt;([^&lt;]*)</expression>
            </RegExp>
            <RegExp dest="5+" output="&lt;tagline&gt;\1&lt;/tagline&gt;" input="$$1">
                <expression>class=&quot;label-text&quot;&gt;([^&lt;]*)&lt;/span&gt;\s*.*\s*&lt;aside</expression>
            </RegExp>
            <RegExp dest="5+" output="&lt;thumb&gt;\1&lt;/thumb&gt;" input="$$9">
                <RegExp dest="9" output="\1" input="$$1">
                    <expression noclean="1">&lt;div class=&quot;content-box scene-hqpics-previews&quot;&gt;(.*?)&lt;/div&gt;</expression>
                </RegExp>
                <expression repeat="yes">&lt;a rel=&quot;preview&quot;\s*href=&quot;([^&quot;]*)</expression>
            </RegExp>
            <RegExp dest="5+" output="&lt;runtime&gt;\2&lt;/runtime&gt;" input="$$1">
                <expression>&lt;li class=&quot;scene-length&quot; itemprop=&quot;duration&quot; content=&quot;(.*?)&quot;&gt;([0-9]*)</expression>
            </RegExp>
            <RegExp dest="5+" output="&lt;studio&gt;\1&lt;/studio&gt;" input="$$1">
                <expression>class=&quot;label-text&quot;&gt;([^&lt;]*)&lt;/span&gt;\s*.*\s*&lt;aside</expression>
            </RegExp>
            <RegExp dest="5+" output="&lt;mpaa&gt;Rated NC-17&lt;/mpaa&gt;" input="$$1">
                <expression></expression>
            </RegExp>
            <RegExp dest="5+" output="&lt;fanart&gt;&lt;thumb&gt;\1/15.jpg&lt;/thumb&gt;&lt;thumb&gt;\1/14.jpg&lt;/thumb&gt;&lt;thumb&gt;\1/13.jpg&lt;/thumb&gt;&lt;thumb&gt;\1/12.jpg&lt;/thumb&gt;&lt;thumb&gt;\1/11.jpg&lt;/thumb&gt;&lt;thumb&gt;\1/10.jpg&lt;/thumb&gt;&lt;thumb&gt;\1/09.jpg&lt;/thumb&gt;&lt;thumb&gt;\1/08.jpg&lt;/thumb&gt;&lt;thumb&gt;\1/07.jpg&lt;/thumb&gt;&lt;thumb&gt;\1/06.jpg&lt;/thumb&gt;&lt;thumb&gt;\1/05.jpg&lt;/thumb&gt;&lt;thumb&gt;\1/04.jpg&lt;/thumb&gt;&lt;thumb&gt;\1/03.jpg&lt;/thumb&gt;&lt;thumb&gt;\1/02.jpg&lt;/thumb&gt;&lt;thumb&gt;\1/01.jpg&lt;/thumb&gt;&lt;/fanart&gt;" input="$$9">
                <RegExp dest="9" output="\1" input="$$1">
                    <expression noclean="1">&lt;div class=&quot;content-box scene-hqpics-previews&quot;&gt;(.*?)&lt;/div&gt;</expression>
                </RegExp>
                <expression repeat="yes" noclean="1">&lt;a rel=&quot;preview&quot;\s*href=&quot;([^&quot;]*?img)</expression>
            </RegExp>
            <RegExp dest="5+" output="&lt;country&gt;USA&lt;/country&gt;" input="$$1">
                <expression></expression>
            </RegExp>
            <RegExp dest="5+" output="&lt;trailer&gt;\1//\2/\3/\4/\5&lt;/trailer&gt;" input="$$1">
                <expression noclean="1">(http:)././(http.trailers.*?.com)./(\d{1,4})./(\w{1,4})./(.*?.(mp4|flv|f4v))</expression>
            </RegExp>
            <RegExp dest="5+" output="&lt;director&gt;\1&lt;/director&gt;" input="$$1">
                <expression noclean="1">class=&quot;label-text&quot;&gt;([^&lt;]*)&lt;/span&gt;\s*.*\s*&lt;aside</expression>
            </RegExp>
            <RegExp dest="5+" output="&lt;credits&gt;BRAZZERS&lt;/credits&gt;" input="$$1">
                <expression noclean="1"></expression>
            </RegExp>
            <RegExp dest="5+" output="&lt;set&gt;\1&lt;/set&gt;" input="$$1">
                <expression>class=&quot;label-text&quot;&gt;([^&lt;]*)&lt;/span&gt;\s*.*\s*&lt;aside</expression>
            </RegExp>
            <expression noclean="1"></expression>
        </RegExp>
    </GetDetails>
</scraper>
