<?xml version="1.0" encoding="UTF-8" standalone="yes"?>
	<addon id="repository.xbmc-brazzers" name="XBMC-Adult Addons" version="1.0.0" provider-name="slashing">
		<extension point="xbmc.addon.repository" name="XBMC Adult Addons">
			<info compressed="false">http://raw.github.com/slashing/kodi-brazzers/master/addons.xml</info>
			<checksum>http://raw.github.com/slashing/kodi-brazzers/master/addons.xml.md5</checksum>
			<datadir zip="true">http://raw.github.com/slashing/kodi-brazzers/master</datadir>
		</extension>
		<extension point="xbmc.addon.metadata">
			<summary>XBMC Addons for Brazzers</summary>
			<description>Scene information</description>
		<disclaimer>The owners and submitters to this repository do not host or distribute any of the content displayed by these addons nor do they have any affiliation with the content providers.</disclaimer>
			<platform>all</platform>
	</extension>
</addon>
